year,state,variable,value
1973,US,pregnancyrate1517,65.1
1974,US,pregnancyrate1517,66.5
1975,US,pregnancyrate1517,68
1976,US,pregnancyrate1517,67.7
1977,US,pregnancyrate1517,69.7
1978,US,pregnancyrate1517,68.6
1979,US,pregnancyrate1517,70.7
1980,US,pregnancyrate1517,72.8
1981,US,pregnancyrate1517,71.9
1982,US,pregnancyrate1517,72
1983,US,pregnancyrate1517,72.3
1984,US,pregnancyrate1517,70.5
1985,US,pregnancyrate1517,71.3
1986,US,pregnancyrate1517,70
1987,US,pregnancyrate1517,71
1988,US,pregnancyrate1517,74
1989,US,pregnancyrate1517,74.8
1990,US,pregnancyrate1517,74.6
1991,US,pregnancyrate1517,73.2
1992,US,pregnancyrate1517,70.6
1993,US,pregnancyrate1517,69.7
1994,US,pregnancyrate1517,68.1
1995,US,pregnancyrate1517,64.4
1996,US,pregnancyrate1517,60.7
1997,US,pregnancyrate1517,56.9
1998,US,pregnancyrate1517,54.2
1999,US,pregnancyrate1517,50.8
2000,US,pregnancyrate1517,48.4
2001,US,pregnancyrate1517,44.4
2002,US,pregnancyrate1517,42
2003,US,pregnancyrate1517,40.5
2004,US,pregnancyrate1517,39.2
2005,US,pregnancyrate1517,37.8
2006,US,pregnancyrate1517,38.5
2007,US,pregnancyrate1517,38.1
2008,US,pregnancyrate1517,37
2009,US,pregnancyrate1517,34.1
2010,US,pregnancyrate1517,30.3
2011,US,pregnancyrate1517,26.7
2012,US,pregnancyrate1517,24
2013,US,pregnancyrate1517,20.8
2014,US,pregnancyrate1517,18.5
2015,US,pregnancyrate1517,16.7
2016,US,pregnancyrate1517,15
2017,US,pregnancyrate1517,13.6
1973,US,pregnancyrate1819,145.1
1974,US,pregnancyrate1819,149.2
1975,US,pregnancyrate1819,151.5
1976,US,pregnancyrate1819,151.5
1977,US,pregnancyrate1819,157.2
1978,US,pregnancyrate1819,160.7
1979,US,pregnancyrate1819,166.3
1980,US,pregnancyrate1819,165.6
1981,US,pregnancyrate1819,163.5
1982,US,pregnancyrate1819,161.8
1983,US,pregnancyrate1819,159.6
1984,US,pregnancyrate1819,160.6
1985,US,pregnancyrate1819,164.5
1986,US,pregnancyrate1819,162.9
1987,US,pregnancyrate1819,160.5
1988,US,pregnancyrate1819,164.7
1989,US,pregnancyrate1819,167.8
1990,US,pregnancyrate1819,173.3
1991,US,pregnancyrate1819,175
1992,US,pregnancyrate1819,172
1993,US,pregnancyrate1819,166.6
1994,US,pregnancyrate1819,161.8
1995,US,pregnancyrate1819,155.3
1996,US,pregnancyrate1819,150.9
1997,US,pregnancyrate1819,146
1998,US,pregnancyrate1819,141.7
1999,US,pregnancyrate1819,138
2000,US,pregnancyrate1819,135.9
2001,US,pregnancyrate1819,130.9
2002,US,pregnancyrate1819,124.4
2003,US,pregnancyrate1819,119.9
2004,US,pregnancyrate1819,117.5
2005,US,pregnancyrate1819,116
2006,US,pregnancyrate1819,119.9
2007,US,pregnancyrate1819,119.2
2008,US,pregnancyrate1819,113.8
2009,US,pregnancyrate1819,105.9
2010,US,pregnancyrate1819,96.8
2011,US,pregnancyrate1819,89.3
2012,US,pregnancyrate1819,83.3
2013,US,pregnancyrate1819,76.2
2014,US,pregnancyrate1819,70
2015,US,pregnancyrate1819,65.2
2016,US,pregnancyrate1819,60.2
2017,US,pregnancyrate1819,56.9
1973,US,pregnancyrate1519,96.5
1974,US,pregnancyrate1519,99
1975,US,pregnancyrate1519,101.2
1976,US,pregnancyrate1519,101.4
1977,US,pregnancyrate1519,105
1978,US,pregnancyrate1519,105.8
1979,US,pregnancyrate1519,109.8
1980,US,pregnancyrate1519,111.4
1981,US,pregnancyrate1519,110.4
1982,US,pregnancyrate1519,110.3
1983,US,pregnancyrate1519,109.8
1984,US,pregnancyrate1519,108.5
1985,US,pregnancyrate1519,109.6
1986,US,pregnancyrate1519,107.3
1987,US,pregnancyrate1519,107.2
1988,US,pregnancyrate1519,112
1989,US,pregnancyrate1519,115.5
1990,US,pregnancyrate1519,117.6
1991,US,pregnancyrate1519,115.9
1992,US,pregnancyrate1519,111.6
1993,US,pregnancyrate1519,108.6
1994,US,pregnancyrate1519,105.1
1995,US,pregnancyrate1519,100.1
1996,US,pregnancyrate1519,96.1
1997,US,pregnancyrate1519,91.8
1998,US,pregnancyrate1519,89.2
1999,US,pregnancyrate1519,86.1
2000,US,pregnancyrate1519,83.8
2001,US,pregnancyrate1519,79.2
2002,US,pregnancyrate1519,74.8
2003,US,pregnancyrate1519,72.2
2004,US,pregnancyrate1519,70.5
2005,US,pregnancyrate1519,68.7
2006,US,pregnancyrate1519,70.5
2007,US,pregnancyrate1519,70.2
2008,US,pregnancyrate1519,68.2
2009,US,pregnancyrate1519,63.7
2010,US,pregnancyrate1519,57.7
2011,US,pregnancyrate1519,52.4
2012,US,pregnancyrate1519,48.3
2013,US,pregnancyrate1519,43.4
2014,US,pregnancyrate1519,39.4
2015,US,pregnancyrate1519,36.1
2016,US,pregnancyrate1519,33.1
2017,US,pregnancyrate1519,31
1973,US,pregnancyrate2024,172.6
1974,US,pregnancyrate2024,174.9
1975,US,pregnancyrate2024,173.3
1976,US,pregnancyrate2024,175.8
1977,US,pregnancyrate2024,184.1
1978,US,pregnancyrate2024,183.6
1979,US,pregnancyrate2024,190.1
1980,US,pregnancyrate2024,194.3
1981,US,pregnancyrate2024,191.1
1982,US,pregnancyrate2024,190.1
1983,US,pregnancyrate2024,185.4
1984,US,pregnancyrate2024,185
1985,US,pregnancyrate2024,187.1
1986,US,pregnancyrate2024,185.9
1987,US,pregnancyrate2024,186.7
1988,US,pregnancyrate2024,191.2
1989,US,pregnancyrate2024,195.7
1990,US,pregnancyrate2024,202.1
1991,US,pregnancyrate2024,200.5
1992,US,pregnancyrate2024,198
1993,US,pregnancyrate2024,194
1994,US,pregnancyrate2024,188.2
1995,US,pregnancyrate2024,182.9
1996,US,pregnancyrate2024,183.6
1997,US,pregnancyrate2024,181.7
1998,US,pregnancyrate2024,181.8
1999,US,pregnancyrate2024,180.6
2000,US,pregnancyrate2024,181.2
2001,US,pregnancyrate2024,175.6
2002,US,pregnancyrate2024,170.6
2003,US,pregnancyrate2024,168.3
2004,US,pregnancyrate2024,165.6
2005,US,pregnancyrate2024,164.7
2006,US,pregnancyrate2024,170.4
2007,US,pregnancyrate2024,168.8
2008,US,pregnancyrate2024,164.3
2009,US,pregnancyrate2024,155
2010,US,pregnancyrate2024,145
2011,US,pregnancyrate2024,137.6
2012,US,pregnancyrate2024,132.6
2013,US,pregnancyrate2024,127.6
2014,US,pregnancyrate2024,124.3
2015,US,pregnancyrate2024,120.4
2016,US,pregnancyrate2024,115.3
2017,US,pregnancyrate2024,111.3
1973,US,pregnancyrate2529,152.6
1974,US,pregnancyrate2529,155.3
1975,US,pregnancyrate2529,153.6
1976,US,pregnancyrate2529,153.6
1977,US,pregnancyrate2529,162.4
1978,US,pregnancyrate2529,161
1979,US,pregnancyrate2529,165.9
1980,US,pregnancyrate2529,167.9
1981,US,pregnancyrate2529,167.8
1982,US,pregnancyrate2529,167.5
1983,US,pregnancyrate2529,164
1984,US,pregnancyrate2529,164.2
1985,US,pregnancyrate2529,167.1
1986,US,pregnancyrate2529,165.7
1987,US,pregnancyrate2529,167.7
1988,US,pregnancyrate2529,172.2
1989,US,pregnancyrate2529,176.2
1990,US,pregnancyrate2529,181.7
1991,US,pregnancyrate2529,177.1
1992,US,pregnancyrate2529,175.3
1993,US,pregnancyrate2529,172
1994,US,pregnancyrate2529,168.2
1995,US,pregnancyrate2529,164.9
1996,US,pregnancyrate2529,165.3
1997,US,pregnancyrate2529,164.7
1998,US,pregnancyrate2529,166.8
1999,US,pregnancyrate2529,168.1
2000,US,pregnancyrate2529,171.5
2001,US,pregnancyrate2529,170.8
2002,US,pregnancyrate2529,171.7
2003,US,pregnancyrate2529,173.5
2004,US,pregnancyrate2529,172.6
2005,US,pregnancyrate2529,172
2006,US,pregnancyrate2529,174.4
2007,US,pregnancyrate2529,173.2
2008,US,pregnancyrate2529,169.3
2009,US,pregnancyrate2529,163.3
2010,US,pregnancyrate2529,158.2
2011,US,pregnancyrate2529,155.9
2012,US,pregnancyrate2529,154.4
2013,US,pregnancyrate2529,152.1
2014,US,pregnancyrate2529,152.4
2015,US,pregnancyrate2529,150.3
2016,US,pregnancyrate2529,146.9
2017,US,pregnancyrate2529,141.8
1973,US,pregnancyrate3034,78.5
1974,US,pregnancyrate3034,78.5
1975,US,pregnancyrate3034,77.7
1976,US,pregnancyrate3034,80.3
1977,US,pregnancyrate3034,84.3
1978,US,pregnancyrate3034,86.8
1979,US,pregnancyrate3034,89.9
1980,US,pregnancyrate3034,91.8
1981,US,pregnancyrate3034,92.7
1982,US,pregnancyrate3034,95.9
1983,US,pregnancyrate3034,97
1984,US,pregnancyrate3034,99.6
1985,US,pregnancyrate3034,102.1
1986,US,pregnancyrate3034,103.4
1987,US,pregnancyrate3034,106.1
1988,US,pregnancyrate3034,109.5
1989,US,pregnancyrate3034,112.9
1990,US,pregnancyrate3034,117.7
1991,US,pregnancyrate3034,115.5
1992,US,pregnancyrate3034,115.9
1993,US,pregnancyrate3034,115.9
1994,US,pregnancyrate3034,116
1995,US,pregnancyrate3034,116.2
1996,US,pregnancyrate3034,117.6
1997,US,pregnancyrate3034,118.7
1998,US,pregnancyrate3034,121.6
1999,US,pregnancyrate3034,124.2
2000,US,pregnancyrate3034,129.5
2001,US,pregnancyrate3034,130.4
2002,US,pregnancyrate3034,131.4
2003,US,pregnancyrate3034,135
2004,US,pregnancyrate3034,135.2
2005,US,pregnancyrate3034,135.6
2006,US,pregnancyrate3034,138.8
2007,US,pregnancyrate3034,140.4
2008,US,pregnancyrate3034,139.2
2009,US,pregnancyrate3034,136
2010,US,pregnancyrate3034,133.8
2011,US,pregnancyrate3034,133.6
2012,US,pregnancyrate3034,134.1
2013,US,pregnancyrate3034,134.2
2014,US,pregnancyrate3034,137.5
2015,US,pregnancyrate3034,138.3
2016,US,pregnancyrate3034,139.1
2017,US,pregnancyrate3034,136.6
1973,US,pregnancyrate3539,34.5
1974,US,pregnancyrate3539,33.6
1975,US,pregnancyrate3539,33.3
1976,US,pregnancyrate3539,33.2
1977,US,pregnancyrate3539,34
1978,US,pregnancyrate3539,33.7
1979,US,pregnancyrate3539,33.9
1980,US,pregnancyrate3539,34
1981,US,pregnancyrate3539,34.6
1982,US,pregnancyrate3539,35.8
1983,US,pregnancyrate3539,37.1
1984,US,pregnancyrate3539,38.1
1985,US,pregnancyrate3539,39.6
1986,US,pregnancyrate3539,40.1
1987,US,pregnancyrate3539,42.6
1988,US,pregnancyrate3539,44.8
1989,US,pregnancyrate3539,47.1
1990,US,pregnancyrate3539,49.7
1991,US,pregnancyrate3539,49.8
1992,US,pregnancyrate3539,50.3
1993,US,pregnancyrate3539,50.5
1994,US,pregnancyrate3539,51.1
1995,US,pregnancyrate3539,51.5
1996,US,pregnancyrate3539,52.7
1997,US,pregnancyrate3539,53.3
1998,US,pregnancyrate3539,54.9
1999,US,pregnancyrate3539,56.1
2000,US,pregnancyrate3539,58.5
2001,US,pregnancyrate3539,59.4
2002,US,pregnancyrate3539,60.8
2003,US,pregnancyrate3539,63.5
2004,US,pregnancyrate3539,65.5
2005,US,pregnancyrate3539,66.8
2006,US,pregnancyrate3539,68.5
2007,US,pregnancyrate3539,68.3
2008,US,pregnancyrate3539,67.4
2009,US,pregnancyrate3539,66.1
2010,US,pregnancyrate3539,66
2011,US,pregnancyrate3539,67.1
2012,US,pregnancyrate3539,68.3
2013,US,pregnancyrate3539,68.9
2014,US,pregnancyrate3539,71.2
2015,US,pregnancyrate3539,72.1
2016,US,pregnancyrate3539,72.7
2017,US,pregnancyrate3539,72.3
1973,US,pregnancyrate40plus,10.2
1974,US,pregnancyrate40plus,9.9
1975,US,pregnancyrate40plus,10
1976,US,pregnancyrate40plus,9.7
1977,US,pregnancyrate40plus,9.8
1978,US,pregnancyrate40plus,9.1
1979,US,pregnancyrate40plus,8.9
1980,US,pregnancyrate40plus,8.9
1981,US,pregnancyrate40plus,8.7
1982,US,pregnancyrate40plus,8.8
1983,US,pregnancyrate40plus,8.5
1984,US,pregnancyrate40plus,8.3
1985,US,pregnancyrate40plus,8.3
1986,US,pregnancyrate40plus,8.4
1987,US,pregnancyrate40plus,8.8
1988,US,pregnancyrate40plus,9.4
1989,US,pregnancyrate40plus,9.9
1990,US,pregnancyrate40plus,10.3
1991,US,pregnancyrate40plus,10.3
1992,US,pregnancyrate40plus,10.9
1993,US,pregnancyrate40plus,11.2
1994,US,pregnancyrate40plus,11.6
1995,US,pregnancyrate40plus,11.8
1996,US,pregnancyrate40plus,12.2
1997,US,pregnancyrate40plus,12.4
1998,US,pregnancyrate40plus,12.8
1999,US,pregnancyrate40plus,13
2000,US,pregnancyrate40plus,13.7
2001,US,pregnancyrate40plus,13.9
2002,US,pregnancyrate40plus,14.4
2003,US,pregnancyrate40plus,14.9
2004,US,pregnancyrate40plus,15.1
2005,US,pregnancyrate40plus,15.4
2006,US,pregnancyrate40plus,15.9
2007,US,pregnancyrate40plus,16.1
2008,US,pregnancyrate40plus,16.5
2009,US,pregnancyrate40plus,16.9
2010,US,pregnancyrate40plus,17
2011,US,pregnancyrate40plus,17.2
2012,US,pregnancyrate40plus,17.2
2013,US,pregnancyrate40plus,17
2014,US,pregnancyrate40plus,17.3
2015,US,pregnancyrate40plus,17.7
2016,US,pregnancyrate40plus,18.2
2017,US,pregnancyrate40plus,18.5
1973,US,pregnancyratetotal,100.6
1974,US,pregnancyratetotal,102.7
1975,US,pregnancyratetotal,103.2
1976,US,pregnancyratetotal,104.6
1977,US,pregnancyratetotal,109.1
1978,US,pregnancyratetotal,108.9
1979,US,pregnancyratetotal,112.2
1980,US,pregnancyratetotal,113.9
1981,US,pregnancyratetotal,112.9
1982,US,pregnancyratetotal,112.4
1983,US,pregnancyratetotal,110.2
1984,US,pregnancyratetotal,109.5
1985,US,pregnancyratetotal,110.4
1986,US,pregnancyratetotal,108.6
1987,US,pregnancyratetotal,108.6
1988,US,pregnancyratetotal,110.8
1989,US,pregnancyratetotal,112.6
1990,US,pregnancyratetotal,115
1991,US,pregnancyratetotal,112.1
1992,US,pregnancyratetotal,110.4
1993,US,pregnancyratetotal,107.9
1994,US,pregnancyratetotal,105.1
1995,US,pregnancyratetotal,102.3
1996,US,pregnancyratetotal,101.6
1997,US,pregnancyratetotal,100.4
1998,US,pregnancyratetotal,100.8
1999,US,pregnancyratetotal,100.8
2000,US,pregnancyratetotal,102.4
2001,US,pregnancyratetotal,101.2
2002,US,pregnancyratetotal,100.6
2003,US,pregnancyratetotal,101.5
2004,US,pregnancyratetotal,101.3
2005,US,pregnancyratetotal,101.4
2006,US,pregnancyratetotal,104.3
2007,US,pregnancyratetotal,104.5
2008,US,pregnancyratetotal,103.1
2009,US,pregnancyratetotal,99.8
2010,US,pregnancyratetotal,96.3
2011,US,pregnancyratetotal,94.4
2012,US,pregnancyratetotal,93.2
2013,US,pregnancyratetotal,91.6
2014,US,pregnancyratetotal,91.8
2015,US,pregnancyratetotal,90.9
2016,US,pregnancyratetotal,89.6
2017,US,pregnancyratetotal,87.4
1973,US,abortionrate1517,17.1
1974,US,abortionrate1517,19.7
1975,US,abortionrate1517,22.4
1976,US,abortionrate1517,24.4
1977,US,abortionrate1517,26.5
1978,US,abortionrate1517,27.2
1979,US,abortionrate1517,29.1
1980,US,abortionrate1517,30.5
1981,US,abortionrate1517,30.4
1982,US,abortionrate1517,30.3
1983,US,abortionrate1517,31
1984,US,abortionrate1517,30.3
1985,US,abortionrate1517,31
1986,US,abortionrate1517,30.3
1987,US,abortionrate1517,30
1988,US,abortionrate1517,30.5
1989,US,abortionrate1517,28.3
1990,US,abortionrate1517,26.9
1991,US,abortionrate1517,24.5
1992,US,abortionrate1517,23.3
1993,US,abortionrate1517,22.5
1994,US,abortionrate1517,21.3
1995,US,abortionrate1517,19.8
1996,US,abortionrate1517,18.9
1997,US,abortionrate1517,17.4
1998,US,abortionrate1517,16.6
1999,US,abortionrate1517,15.5
2000,US,abortionrate1517,14.7
2001,US,abortionrate1517,13.6
2002,US,abortionrate1517,13
2003,US,abortionrate1517,12.6
2004,US,abortionrate1517,11.8
2005,US,abortionrate1517,11.4
2006,US,abortionrate1517,11.4
2007,US,abortionrate1517,11
2008,US,abortionrate1517,10.6
2009,US,abortionrate1517,9.6
2010,US,abortionrate1517,8.6
2011,US,abortionrate1517,7.5
2012,US,abortionrate1517,6.4
2013,US,abortionrate1517,5.5
2014,US,abortionrate1517,4.9
2015,US,abortionrate1517,4.3
2016,US,abortionrate1517,4
2017,US,abortionrate1517,3.7
1973,US,abortionrate1819,32.2
1974,US,abortionrate1819,38.6
1975,US,abortionrate1819,44.8
1976,US,abortionrate1819,49.8
1977,US,abortionrate1819,54.6
1978,US,abortionrate1819,59
1979,US,abortionrate1819,62.5
1980,US,abortionrate1819,61.2
1981,US,abortionrate1819,61.3
1982,US,abortionrate1819,60.4
1983,US,abortionrate1819,60.6
1984,US,abortionrate1819,61.5
1985,US,abortionrate1819,62.7
1986,US,abortionrate1819,61.4
1987,US,abortionrate1819,60.4
1988,US,abortionrate1819,62.7
1989,US,abortionrate1819,60.7
1990,US,abortionrate1819,59.5
1991,US,abortionrate1819,56.5
1992,US,abortionrate1819,54.1
1993,US,abortionrate1819,52.1
1994,US,abortionrate1819,48.6
1995,US,abortionrate1819,45.5
1996,US,abortionrate1819,44.7
1997,US,abortionrate1819,43.2
1998,US,abortionrate1819,40.6
1999,US,abortionrate1819,39.2
2000,US,abortionrate1819,38.4
2001,US,abortionrate1819,36.6
2002,US,abortionrate1819,34.4
2003,US,abortionrate1819,33.1
2004,US,abortionrate1819,31.9
2005,US,abortionrate1819,30.9
2006,US,abortionrate1819,31.3
2007,US,abortionrate1819,30.2
2008,US,abortionrate1819,29.1
2009,US,abortionrate1819,26.4
2010,US,abortionrate1819,24.2
2011,US,abortionrate1819,22.2
2012,US,abortionrate1819,19.7
2013,US,abortionrate1819,18
2014,US,abortionrate1819,15.9
2015,US,abortionrate1819,14.8
2016,US,abortionrate1819,13.8
2017,US,abortionrate1819,13.3
1973,US,abortionrate1519,23
1974,US,abortionrate1519,27.2
1975,US,abortionrate1519,31.3
1976,US,abortionrate1519,34.6
1977,US,abortionrate1519,37.8
1978,US,abortionrate1519,40
1979,US,abortionrate1519,42.8
1980,US,abortionrate1519,43.3
1981,US,abortionrate1519,43.4
1982,US,abortionrate1519,43.2
1983,US,abortionrate1519,43.7
1984,US,abortionrate1519,43.4
1985,US,abortionrate1519,44
1986,US,abortionrate1519,42.8
1987,US,abortionrate1519,42.3
1988,US,abortionrate1519,44
1989,US,abortionrate1519,42.5
1990,US,abortionrate1519,41.1
1991,US,abortionrate1519,37.9
1992,US,abortionrate1519,35.7
1993,US,abortionrate1519,34.4
1994,US,abortionrate1519,32.1
1995,US,abortionrate1519,29.9
1996,US,abortionrate1519,29
1997,US,abortionrate1519,27.5
1998,US,abortionrate1519,26.2
1999,US,abortionrate1519,25.1
2000,US,abortionrate1519,24.3
2001,US,abortionrate1519,22.9
2002,US,abortionrate1519,21.5
2003,US,abortionrate1519,20.8
2004,US,abortionrate1519,19.9
2005,US,abortionrate1519,19.1
2006,US,abortionrate1519,19.3
2007,US,abortionrate1519,18.6
2008,US,abortionrate1519,18.1
2009,US,abortionrate1519,16.6
2010,US,abortionrate1519,15
2011,US,abortionrate1519,13.5
2012,US,abortionrate1519,11.9
2013,US,abortionrate1519,10.6
2014,US,abortionrate1519,9.4
2015,US,abortionrate1519,8.5
2016,US,abortionrate1519,7.9
2017,US,abortionrate1519,7.6
1973,US,abortionrate2024,26.2
1974,US,abortionrate2024,30.5
1975,US,abortionrate2024,34.3
1976,US,abortionrate2024,39.6
1977,US,abortionrate2024,44.3
1978,US,abortionrate2024,47.2
1979,US,abortionrate2024,49.9
1980,US,abortionrate2024,51.5
1981,US,abortionrate2024,51.4
1982,US,abortionrate2024,51.1
1983,US,abortionrate2024,51
1984,US,abortionrate2024,51.6
1985,US,abortionrate2024,52
1986,US,abortionrate2024,51.8
1987,US,abortionrate2024,52
1988,US,abortionrate2024,53.7
1989,US,abortionrate2024,53.8
1990,US,abortionrate2024,56.7
1991,US,abortionrate2024,56.5
1992,US,abortionrate2024,55.9
1993,US,abortionrate2024,55
1994,US,abortionrate2024,51.9
1995,US,abortionrate2024,49.1
1996,US,abortionrate2024,49.3
1997,US,abortionrate2024,48.1
1998,US,abortionrate2024,47
1999,US,abortionrate2024,46.5
2000,US,abortionrate2024,46
2001,US,abortionrate2024,44.5
2002,US,abortionrate2024,42.7
2003,US,abortionrate2024,41.4
2004,US,abortionrate2024,39.8
2005,US,abortionrate2024,38.7
2006,US,abortionrate2024,39.8
2007,US,abortionrate2024,38.5
2008,US,abortionrate2024,38.4
2009,US,abortionrate2024,36
2010,US,abortionrate2024,34.1
2011,US,abortionrate2024,32.1
2012,US,abortionrate2024,30
2013,US,abortionrate2024,28.2
2014,US,abortionrate2024,26.7
2015,US,abortionrate2024,25.3
2016,US,abortionrate2024,24.1
2017,US,abortionrate2024,23.5
1973,US,abortionrate2529,16.2
1974,US,abortionrate2529,19.5
1975,US,abortionrate2529,21.6
1976,US,abortionrate2529,23.8
1977,US,abortionrate2529,26.6
1978,US,abortionrate2529,28.1
1979,US,abortionrate2529,29.3
1980,US,abortionrate2529,30.4
1981,US,abortionrate2529,31
1982,US,abortionrate2529,31.2
1983,US,abortionrate2529,30.8
1984,US,abortionrate2529,30.7
1985,US,abortionrate2529,30.8
1986,US,abortionrate2529,30.8
1987,US,abortionrate2529,30.7
1988,US,abortionrate2529,31.8
1989,US,abortionrate2529,31.9
1990,US,abortionrate2529,33.7
1991,US,abortionrate2529,33.1
1992,US,abortionrate2529,33.2
1993,US,abortionrate2529,32.9
1994,US,abortionrate2529,31.8
1995,US,abortionrate2529,31.2
1996,US,abortionrate2529,31.8
1997,US,abortionrate2529,31.6
1998,US,abortionrate2529,31.4
1999,US,abortionrate2529,31.5
2000,US,abortionrate2529,31.5
2001,US,abortionrate2529,31.2
2002,US,abortionrate2529,31
2003,US,abortionrate2529,30.4
2004,US,abortionrate2529,29.8
2005,US,abortionrate2529,29.3
2006,US,abortionrate2529,29.8
2007,US,abortionrate2529,28.6
2008,US,abortionrate2529,28.4
2009,US,abortionrate2529,26.9
2010,US,abortionrate2529,25.8
2011,US,abortionrate2529,25
2012,US,abortionrate2529,24.3
2013,US,abortionrate2529,23.3
2014,US,abortionrate2529,22.9
2015,US,abortionrate2529,22.6
2016,US,abortionrate2529,22.2
2017,US,abortionrate2529,21.9
1973,US,abortionrate3034,10.6
1974,US,abortionrate3034,12.6
1975,US,abortionrate3034,13.6
1976,US,abortionrate3034,14.6
1977,US,abortionrate3034,15.2
1978,US,abortionrate3034,15.9
1979,US,abortionrate3034,16.1
1980,US,abortionrate3034,16.6
1981,US,abortionrate3034,17.2
1982,US,abortionrate3034,17.3
1983,US,abortionrate3034,17.4
1984,US,abortionrate3034,17.4
1985,US,abortionrate3034,17.5
1986,US,abortionrate3034,17.6
1987,US,abortionrate3034,17.8
1988,US,abortionrate3034,17.9
1989,US,abortionrate3034,18.2
1990,US,abortionrate3034,19.2
1991,US,abortionrate3034,18.6
1992,US,abortionrate3034,18.5
1993,US,abortionrate3034,18.2
1994,US,abortionrate3034,17.7
1995,US,abortionrate3034,17.2
1996,US,abortionrate3034,17.4
1997,US,abortionrate3034,17.4
1998,US,abortionrate3034,17.6
1999,US,abortionrate3034,17.9
2000,US,abortionrate3034,18.3
2001,US,abortionrate3034,18.4
2002,US,abortionrate3034,18.4
2003,US,abortionrate3034,18.3
2004,US,abortionrate3034,18
2005,US,abortionrate3034,17.8
2006,US,abortionrate3034,18.4
2007,US,abortionrate3034,17.9
2008,US,abortionrate3034,18.1
2009,US,abortionrate3034,17.3
2010,US,abortionrate3034,16.8
2011,US,abortionrate3034,16.3
2012,US,abortionrate3034,15.9
2013,US,abortionrate3034,15.2
2014,US,abortionrate3034,14.8
2015,US,abortionrate3034,14.8
2016,US,abortionrate3034,14.5
2017,US,abortionrate3034,14.5
1973,US,abortionrate3539,7.2
1974,US,abortionrate3539,8.5
1975,US,abortionrate3539,9
1976,US,abortionrate3539,9.5
1977,US,abortionrate3539,9.9
1978,US,abortionrate3539,9.9
1979,US,abortionrate3539,9.5
1980,US,abortionrate3539,9.4
1981,US,abortionrate3539,9.6
1982,US,abortionrate3539,9.4
1983,US,abortionrate3539,9.7
1984,US,abortionrate3539,9.7
1985,US,abortionrate3539,9.8
1986,US,abortionrate3539,9.8
1987,US,abortionrate3539,10
1988,US,abortionrate3539,10.1
1989,US,abortionrate3539,10.2
1990,US,abortionrate3539,10.8
1991,US,abortionrate3539,10.5
1992,US,abortionrate3539,10.4
1993,US,abortionrate3539,10.2
1994,US,abortionrate3539,10
1995,US,abortionrate3539,9.8
1996,US,abortionrate3539,9.8
1997,US,abortionrate3539,9.6
1998,US,abortionrate3539,9.6
1999,US,abortionrate3539,9.7
2000,US,abortionrate3539,9.8
2001,US,abortionrate3539,9.7
2002,US,abortionrate3539,9.8
2003,US,abortionrate3539,9.9
2004,US,abortionrate3539,9.9
2005,US,abortionrate3539,10.1
2006,US,abortionrate3539,10.4
2007,US,abortionrate3539,10.2
2008,US,abortionrate3539,10.2
2009,US,abortionrate3539,9.9
2010,US,abortionrate3539,9.7
2011,US,abortionrate3539,9.6
2012,US,abortionrate3539,9.4
2013,US,abortionrate3539,9
2014,US,abortionrate3539,9
2015,US,abortionrate3539,8.9
2016,US,abortionrate3539,8.7
2017,US,abortionrate3539,8.6
1973,US,abortionrate40plus,3
1974,US,abortionrate40plus,3.4
1975,US,abortionrate40plus,3.7
1976,US,abortionrate40plus,3.9
1977,US,abortionrate40plus,4
1978,US,abortionrate40plus,3.8
1979,US,abortionrate40plus,3.6
1980,US,abortionrate40plus,3.7
1981,US,abortionrate40plus,3.6
1982,US,abortionrate40plus,3.5
1983,US,abortionrate40plus,3.4
1984,US,abortionrate40plus,3.1
1985,US,abortionrate40plus,3.1
1986,US,abortionrate40plus,3
1987,US,abortionrate40plus,3
1988,US,abortionrate40plus,3.1
1989,US,abortionrate40plus,3.2
1990,US,abortionrate40plus,3.3
1991,US,abortionrate40plus,3.2
1992,US,abortionrate40plus,3.3
1993,US,abortionrate40plus,3.3
1994,US,abortionrate40plus,3.3
1995,US,abortionrate40plus,3.3
1996,US,abortionrate40plus,3.3
1997,US,abortionrate40plus,3.2
1998,US,abortionrate40plus,3.3
1999,US,abortionrate40plus,3.3
2000,US,abortionrate40plus,3.3
2001,US,abortionrate40plus,3.4
2002,US,abortionrate40plus,3.5
2003,US,abortionrate40plus,3.4
2004,US,abortionrate40plus,3.4
2005,US,abortionrate40plus,3.4
2006,US,abortionrate40plus,3.5
2007,US,abortionrate40plus,3.5
2008,US,abortionrate40plus,3.5
2009,US,abortionrate40plus,3.6
2010,US,abortionrate40plus,3.6
2011,US,abortionrate40plus,3.6
2012,US,abortionrate40plus,3.6
2013,US,abortionrate40plus,3.3
2014,US,abortionrate40plus,3.2
2015,US,abortionrate40plus,3.1
2016,US,abortionrate40plus,3.1
2017,US,abortionrate40plus,3.1
1973,US,abortionratetotal,16.3
1974,US,abortionratetotal,19.3
1975,US,abortionratetotal,21.7
1976,US,abortionratetotal,24.2
1977,US,abortionratetotal,26.4
1978,US,abortionratetotal,27.7
1979,US,abortionratetotal,28.8
1980,US,abortionratetotal,29.3
1981,US,abortionratetotal,29.3
1982,US,abortionratetotal,28.8
1983,US,abortionratetotal,28.5
1984,US,abortionratetotal,28.1
1985,US,abortionratetotal,28
1986,US,abortionratetotal,27.4
1987,US,abortionratetotal,26.9
1988,US,abortionratetotal,27.4
1989,US,abortionratetotal,26.8
1990,US,abortionratetotal,27.4
1991,US,abortionratetotal,26.2
1992,US,abortionratetotal,25.7
1993,US,abortionratetotal,25
1994,US,abortionratetotal,23.7
1995,US,abortionratetotal,22.5
1996,US,abortionratetotal,22.4
1997,US,abortionratetotal,21.9
1998,US,abortionratetotal,21.5
1999,US,abortionratetotal,21.4
2000,US,abortionratetotal,21.3
2001,US,abortionratetotal,20.9
2002,US,abortionratetotal,20.5
2003,US,abortionratetotal,20.2
2004,US,abortionratetotal,19.7
2005,US,abortionratetotal,19.4
2006,US,abortionratetotal,20
2007,US,abortionratetotal,19.4
2008,US,abortionratetotal,19.4
2009,US,abortionratetotal,18.5
2010,US,abortionratetotal,17.7
2011,US,abortionratetotal,16.9
2012,US,abortionratetotal,16.1
2013,US,abortionratetotal,15.2
2014,US,abortionratetotal,14.6
2015,US,abortionratetotal,14.2
2016,US,abortionratetotal,13.7
2017,US,abortionratetotal,13.5
1973,US,birthratelt15,6.1
1974,US,birthratelt15,6
1975,US,birthratelt15,6
1976,US,birthratelt15,5.7
1977,US,birthratelt15,5.6
1978,US,birthratelt15,5.3
1979,US,birthratelt15,5.5
1980,US,birthratelt15,5.5
1981,US,birthratelt15,5.4
1982,US,birthratelt15,5.6
1983,US,birthratelt15,5.5
1984,US,birthratelt15,5.5
1985,US,birthratelt15,5.5
1986,US,birthratelt15,6
1987,US,birthratelt15,6.4
1988,US,birthratelt15,6.7
1989,US,birthratelt15,7.1
1990,US,birthratelt15,7.3
1991,US,birthratelt15,7.2
1992,US,birthratelt15,7.2
1993,US,birthratelt15,7.1
1994,US,birthratelt15,7
1995,US,birthratelt15,6.6
1996,US,birthratelt15,5.8
1997,US,birthratelt15,5.3
1998,US,birthratelt15,5
1999,US,birthratelt15,4.6
2000,US,birthratelt15,4.3
2001,US,birthratelt15,3.9
2002,US,birthratelt15,3.6
2003,US,birthratelt15,3.2
2004,US,birthratelt15,3.2
2005,US,birthratelt15,3.2
2006,US,birthratelt15,3
2007,US,birthratelt15,3
2008,US,birthratelt15,2.8
2009,US,birthratelt15,2.5
2010,US,birthratelt15,2.2
2011,US,birthratelt15,2
2012,US,birthratelt15,1.8
2013,US,birthratelt15,1.5
2014,US,birthratelt15,1.3
2015,US,birthratelt15,1.2
2016,US,birthratelt15,1.1
2017,US,birthratelt15,0.9
1973,US,birthrate1517,38.6
1974,US,birthrate1517,37.3
1975,US,birthrate1517,36.1
1976,US,birthrate1517,34.1
1977,US,birthrate1517,33.8
1978,US,birthrate1517,32.2
1979,US,birthrate1517,32.3
1980,US,birthrate1517,32.7
1981,US,birthrate1517,32
1982,US,birthrate1517,32.2
1983,US,birthrate1517,31.8
1984,US,birthrate1517,31
1985,US,birthrate1517,31
1986,US,birthrate1517,30.6
1987,US,birthrate1517,31.7
1988,US,birthrate1517,33.7
1989,US,birthrate1517,36.4
1990,US,birthrate1517,37.5
1991,US,birthrate1517,38.5
1992,US,birthrate1517,37.5
1993,US,birthrate1517,37.4
1994,US,birthrate1517,37.2
1995,US,birthrate1517,35.5
1996,US,birthrate1517,33.3
1997,US,birthrate1517,31.4
1998,US,birthrate1517,29.9
1999,US,birthrate1517,28.2
2000,US,birthrate1517,26.8
2001,US,birthrate1517,24.5
2002,US,birthrate1517,23.1
2003,US,birthrate1517,22.2
2004,US,birthrate1517,21.8
2005,US,birthrate1517,21.1
2006,US,birthrate1517,21.6
2007,US,birthrate1517,21.7
2008,US,birthrate1517,21.1
2009,US,birthrate1517,19.6
2010,US,birthrate1517,17.4
2011,US,birthrate1517,15.4
2012,US,birthrate1517,14.1
2013,US,birthrate1517,12.2
2014,US,birthrate1517,10.9
2015,US,birthrate1517,9.9
2016,US,birthrate1517,8.8
2017,US,birthrate1517,7.9
1973,US,birthrate1819,91.4
1974,US,birthrate1819,88.9
1975,US,birthrate1819,85.1
1976,US,birthrate1819,80.6
1977,US,birthrate1819,80.9
1978,US,birthrate1819,79.8
1979,US,birthrate1819,81.3
1980,US,birthrate1819,82
1981,US,birthrate1819,80.1
1982,US,birthrate1819,79.4
1983,US,birthrate1819,77.5
1984,US,birthrate1819,77.4
1985,US,birthrate1819,79.6
1986,US,birthrate1819,79.5
1987,US,birthrate1819,78.4
1988,US,birthrate1819,79.8
1989,US,birthrate1819,84.2
1990,US,birthrate1819,89.9
1991,US,birthrate1819,94
1992,US,birthrate1819,93.7
1993,US,birthrate1819,91.1
1994,US,birthrate1819,90.3
1995,US,birthrate1819,87.7
1996,US,birthrate1819,84.7
1997,US,birthrate1819,82.1
1998,US,birthrate1819,80.9
1999,US,birthrate1819,79
2000,US,birthrate1819,78.1
2001,US,birthrate1819,75.5
2002,US,birthrate1819,72.2
2003,US,birthrate1819,69.6
2004,US,birthrate1819,68.7
2005,US,birthrate1819,68.4
2006,US,birthrate1819,71.2
2007,US,birthrate1819,71.7
2008,US,birthrate1819,68.2
2009,US,birthrate1819,64
2010,US,birthrate1819,58.5
2011,US,birthrate1819,54.1
2012,US,birthrate1819,51.3
2013,US,birthrate1819,47
2014,US,birthrate1819,43.8
2015,US,birthrate1819,40.8
2016,US,birthrate1819,37.5
2017,US,birthrate1819,35.2
1973,US,birthrate1519,59.3
1974,US,birthrate1519,57.6
1975,US,birthrate1519,55.6
1976,US,birthrate1519,52.8
1977,US,birthrate1519,52.8
1978,US,birthrate1519,51.5
1979,US,birthrate1519,52.3
1980,US,birthrate1519,53.2
1981,US,birthrate1519,52.2
1982,US,birthrate1519,52.4
1983,US,birthrate1519,51.4
1984,US,birthrate1519,50.6
1985,US,birthrate1519,51
1986,US,birthrate1519,50.2
1987,US,birthrate1519,50.6
1988,US,birthrate1519,53
1989,US,birthrate1519,57.3
1990,US,birthrate1519,60.3
1991,US,birthrate1519,61.8
1992,US,birthrate1519,60.3
1993,US,birthrate1519,59
1994,US,birthrate1519,58.2
1995,US,birthrate1519,56
1996,US,birthrate1519,53.5
1997,US,birthrate1519,51.3
1998,US,birthrate1519,50.3
1999,US,birthrate1519,48.8
2000,US,birthrate1519,47.6
2001,US,birthrate1519,45
2002,US,birthrate1519,42.6
2003,US,birthrate1519,41.1
2004,US,birthrate1519,40.5
2005,US,birthrate1519,39.7
2006,US,birthrate1519,41.1
2007,US,birthrate1519,41.5
2008,US,birthrate1519,40.2
2009,US,birthrate1519,37.9
2010,US,birthrate1519,34.4
2011,US,birthrate1519,31.3
2012,US,birthrate1519,29.3
2013,US,birthrate1519,26.4
2014,US,birthrate1519,24.2
2015,US,birthrate1519,22.3
2016,US,birthrate1519,20.3
2017,US,birthrate1519,18.8
1973,US,birthratelt20,60.6
1974,US,birthratelt20,58.8
1975,US,birthratelt20,56.8
1976,US,birthratelt20,53.9
1977,US,birthratelt20,53.9
1978,US,birthratelt20,52.5
1979,US,birthratelt20,53.3
1980,US,birthratelt20,54.2
1981,US,birthratelt20,53.2
1982,US,birthratelt20,53.4
1983,US,birthratelt20,52.4
1984,US,birthratelt20,51.6
1985,US,birthratelt20,52.1
1986,US,birthratelt20,51.3
1987,US,birthratelt20,51.7
1988,US,birthratelt20,54.2
1989,US,birthratelt20,58.6
1990,US,birthratelt20,61.6
1991,US,birthratelt20,63.2
1992,US,birthratelt20,61.7
1993,US,birthratelt20,60.5
1994,US,birthratelt20,59.7
1995,US,birthratelt20,57.4
1996,US,birthratelt20,54.7
1997,US,birthratelt20,52.3
1998,US,birthratelt20,51.3
1999,US,birthratelt20,49.7
2000,US,birthratelt20,48.5
2001,US,birthratelt20,45.8
2002,US,birthratelt20,43.4
2003,US,birthratelt20,41.8
2004,US,birthratelt20,41.2
2005,US,birthratelt20,40.4
2006,US,birthratelt20,41.7
2007,US,birthratelt20,42
2008,US,birthratelt20,40.8
2009,US,birthratelt20,38.4
2010,US,birthratelt20,34.8
2011,US,birthratelt20,31.7
2012,US,birthratelt20,29.7
2013,US,birthratelt20,26.7
2014,US,birthratelt20,24.5
2015,US,birthratelt20,22.5
2016,US,birthratelt20,20.5
2017,US,birthratelt20,19
1973,US,birthrate2024,119.8
1974,US,birthrate2024,117.8
1975,US,birthrate2024,113
1976,US,birthrate2024,110.2
1977,US,birthrate2024,112.9
1978,US,birthrate2024,109.8
1979,US,birthrate2024,112.7
1980,US,birthrate2024,114.8
1981,US,birthrate2024,112.2
1982,US,birthrate2024,111.6
1983,US,birthrate2024,107.8
1984,US,birthrate2024,106.8
1985,US,birthrate2024,108.3
1986,US,birthrate2024,107.4
1987,US,birthrate2024,107.9
1988,US,birthrate2024,110.2
1989,US,birthrate2024,113.7
1990,US,birthrate2024,116.4
1991,US,birthrate2024,115.3
1992,US,birthrate2024,113.7
1993,US,birthrate2024,111.3
1994,US,birthrate2024,109.2
1995,US,birthrate2024,107.5
1996,US,birthrate2024,107.8
1997,US,birthrate2024,107.3
1998,US,birthrate2024,108.4
1999,US,birthrate2024,107.9
2000,US,birthrate2024,108.9
2001,US,birthrate2024,105.6
2002,US,birthrate2024,103.1
2003,US,birthrate2024,102.3
2004,US,birthrate2024,101.5
2005,US,birthrate2024,101.8
2006,US,birthrate2024,105.5
2007,US,birthrate2024,105.4
2008,US,birthrate2024,101.8
2009,US,birthrate2024,96.2
2010,US,birthrate2024,89.5
2011,US,birthrate2024,85.2
2012,US,birthrate2024,83
2013,US,birthrate2024,80.6
2014,US,birthrate2024,79.2
2015,US,birthrate2024,77.1
2016,US,birthrate2024,74
2017,US,birthrate2024,71.2
1973,US,birthrate2529,112.3
1974,US,birthrate2529,111.6
1975,US,birthrate2529,108.2
1976,US,birthrate2529,106.1
1977,US,birthrate2529,110.9
1978,US,birthrate2529,108.4
1979,US,birthrate2529,111.4
1980,US,birthrate2529,112
1981,US,birthrate2529,111.5
1982,US,birthrate2529,111
1983,US,birthrate2529,108.5
1984,US,birthrate2529,108.7
1985,US,birthrate2529,111
1986,US,birthrate2529,109.8
1987,US,birthrate2529,111.6
1988,US,birthrate2529,114.4
1989,US,birthrate2529,117.6
1990,US,birthrate2529,120.5
1991,US,birthrate2529,117.2
1992,US,birthrate2529,115.7
1993,US,birthrate2529,113.2
1994,US,birthrate2529,111
1995,US,birthrate2529,108.8
1996,US,birthrate2529,108.6
1997,US,birthrate2529,108.3
1998,US,birthrate2529,110.2
1999,US,birthrate2529,111.2
2000,US,birthrate2529,114.1
2001,US,birthrate2529,113.8
2002,US,birthrate2529,114.7
2003,US,birthrate2529,116.7
2004,US,birthrate2529,116.5
2005,US,birthrate2529,116.5
2006,US,birthrate2529,118
2007,US,birthrate2529,118.1
2008,US,birthrate2529,115
2009,US,birthrate2529,111.5
2010,US,birthrate2529,108.2
2011,US,birthrate2529,107
2012,US,birthrate2529,106.4
2013,US,birthrate2529,105.4
2014,US,birthrate2529,106
2015,US,birthrate2529,104.6
2016,US,birthrate2529,102.1
2017,US,birthrate2529,98.1
1973,US,birthrate3034,55.7
1974,US,birthrate3034,53.9
1975,US,birthrate3034,52.4
1976,US,birthrate3034,53.5
1977,US,birthrate3034,56.3
1978,US,birthrate3034,57.8
1979,US,birthrate3034,60.2
1980,US,birthrate3034,61.3
1981,US,birthrate3034,61.4
1982,US,birthrate3034,64.1
1983,US,birthrate3034,64.9
1984,US,birthrate3034,67
1985,US,birthrate3034,69.1
1986,US,birthrate3034,70.1
1987,US,birthrate3034,72.1
1988,US,birthrate3034,74.8
1989,US,birthrate3034,77.4
1990,US,birthrate3034,80.4
1991,US,birthrate3034,79.2
1992,US,birthrate3034,79.6
1993,US,birthrate3034,79.9
1994,US,birthrate3034,80.4
1995,US,birthrate3034,81.1
1996,US,birthrate3034,82.1
1997,US,birthrate3034,83
1998,US,birthrate3034,85.2
1999,US,birthrate3034,87.1
2000,US,birthrate3034,91.1
2001,US,birthrate3034,91.8
2002,US,birthrate3034,92.6
2003,US,birthrate3034,95.7
2004,US,birthrate3034,96.2
2005,US,birthrate3034,96.7
2006,US,birthrate3034,98.9
2007,US,birthrate3034,100.6
2008,US,birthrate3034,99.4
2009,US,birthrate3034,97.5
2010,US,birthrate3034,96.1
2011,US,birthrate3034,96.4
2012,US,birthrate3034,97.2
2013,US,birthrate3034,97.8
2014,US,birthrate3034,101
2015,US,birthrate3034,101.7
2016,US,birthrate3034,102.6
2017,US,birthrate3034,100.5
1973,US,birthrate3539,22.1
1974,US,birthrate3539,20.3
1975,US,birthrate3539,19.5
1976,US,birthrate3539,19
1977,US,birthrate3539,19.2
1978,US,birthrate3539,19
1979,US,birthrate3539,19.5
1980,US,birthrate3539,19.7
1981,US,birthrate3539,20
1982,US,birthrate3539,21.2
1983,US,birthrate3539,22
1984,US,birthrate3539,22.9
1985,US,birthrate3539,24
1986,US,birthrate3539,24.4
1987,US,birthrate3539,26.3
1988,US,birthrate3539,28.1
1989,US,birthrate3539,29.9
1990,US,birthrate3539,31.5
1991,US,birthrate3539,31.9
1992,US,birthrate3539,32.3
1993,US,birthrate3539,32.7
1994,US,birthrate3539,33.4
1995,US,birthrate3539,34
1996,US,birthrate3539,34.9
1997,US,birthrate3539,35.7
1998,US,birthrate3539,36.9
1999,US,birthrate3539,37.8
2000,US,birthrate3539,39.8
2001,US,birthrate3539,40.5
2002,US,birthrate3539,41.6
2003,US,birthrate3539,43.9
2004,US,birthrate3539,45.5
2005,US,birthrate3539,46.4
2006,US,birthrate3539,47.5
2007,US,birthrate3539,47.6
2008,US,birthrate3539,46.8
2009,US,birthrate3539,46.1
2010,US,birthrate3539,46.1
2011,US,birthrate3539,47.1
2012,US,birthrate3539,48.3
2013,US,birthrate3539,49.2
2014,US,birthrate3539,51.1
2015,US,birthrate3539,51.9
2016,US,birthrate3539,52.7
2017,US,birthrate3539,52.4
1973,US,birthrate40plus,5.7
1974,US,birthrate40plus,5.1
1975,US,birthrate40plus,4.9
1976,US,birthrate40plus,4.5
1977,US,birthrate40plus,4.5
1978,US,birthrate40plus,4.1
1979,US,birthrate40plus,4.1
1980,US,birthrate40plus,4.1
1981,US,birthrate40plus,4
1982,US,birthrate40plus,4.1
1983,US,birthrate40plus,4
1984,US,birthrate40plus,4
1985,US,birthrate40plus,4.1
1986,US,birthrate40plus,4.2
1987,US,birthrate40plus,4.6
1988,US,birthrate40plus,5
1989,US,birthrate40plus,5.3
1990,US,birthrate40plus,5.6
1991,US,birthrate40plus,5.7
1992,US,birthrate40plus,6.1
1993,US,birthrate40plus,6.3
1994,US,birthrate40plus,6.6
1995,US,birthrate40plus,6.8
1996,US,birthrate40plus,7.1
1997,US,birthrate40plus,7.4
1998,US,birthrate40plus,7.7
1999,US,birthrate40plus,7.8
2000,US,birthrate40plus,8.3
2001,US,birthrate40plus,8.5
2002,US,birthrate40plus,8.8
2003,US,birthrate40plus,9.3
2004,US,birthrate40plus,9.5
2005,US,birthrate40plus,9.7
2006,US,birthrate40plus,10
2007,US,birthrate40plus,10.2
2008,US,birthrate40plus,10.6
2009,US,birthrate40plus,10.8
2010,US,birthrate40plus,10.9
2011,US,birthrate40plus,11
2012,US,birthrate40plus,11.1
2013,US,birthrate40plus,11.2
2014,US,birthrate40plus,11.5
2015,US,birthrate40plus,11.9
2016,US,birthrate40plus,12.3
2017,US,birthrate40plus,12.6
1973,US,birthratetotal,68.9
1974,US,birthratetotal,67.9
1975,US,birthratetotal,66
1976,US,birthratetotal,65
1977,US,birthratetotal,66.7
1978,US,birthratetotal,65.4
1979,US,birthratetotal,67.1
1980,US,birthratetotal,68.1
1981,US,birthratetotal,67.3
1982,US,birthratetotal,67.3
1983,US,birthratetotal,65.7
1984,US,birthratetotal,65.5
1985,US,birthratetotal,66.3
1986,US,birthratetotal,65.4
1987,US,birthratetotal,65.8
1988,US,birthratetotal,67.3
1989,US,birthratetotal,69.2
1990,US,birthratetotal,70.8
1991,US,birthratetotal,69.3
1992,US,birthratetotal,68.4
1993,US,birthratetotal,67
1994,US,birthratetotal,65.9
1995,US,birthratetotal,64.6
1996,US,birthratetotal,64.1
1997,US,birthratetotal,63.6
1998,US,birthratetotal,64.3
1999,US,birthratetotal,64.4
2000,US,birthratetotal,65.8
2001,US,birthratetotal,65.1
2002,US,birthratetotal,65
2003,US,birthratetotal,66.1
2004,US,birthratetotal,66.4
2005,US,birthratetotal,66.7
2006,US,birthratetotal,68.6
2007,US,birthratetotal,69.3
2008,US,birthratetotal,68.1
2009,US,birthratetotal,66.2
2010,US,birthratetotal,64.1
2011,US,birthratetotal,63.2
2012,US,birthratetotal,62.9
2013,US,birthratetotal,62.4
2014,US,birthratetotal,63.1
2015,US,birthratetotal,62.7
2016,US,birthratetotal,62
2017,US,birthratetotal,60.4
